component,B2022.001,B2022.001,collapse,irreparable
location,1,1,0,0
direction,1,1,1,1
group,0,0,0,0
damage state,DS1,DS2,DS1,DS1
0,0.02178466477698203,0.01417932288305709,5.287537887566404,0.08070869118206857
1,0.0578889261203831,0.0729431616830563,1.591589672409522,0.05719699128315256
2,0.05720785401469765,0.0332454103279951,5.095753204608561,0.009075492559303377
3,0.023339734043989497,0.03722666853083539,1.9590720792453975,0.019068033219816795
4,0.018784972085207692,0.02838877905177793,7.199883876692274,0.07862356960205764
5,0.04137828934738494,0.06836022158576228,5.825493526174469,0.09768830660309515
6,0.02960169998904137,0.05391614023404605,2.4453631006443803,0.03555587701006451
7,0.05042252321326285,0.020779136168101404,10.566389804009983,0.09701768863086847
8,0.03795636574451413,0.023078324559318845,3.9755367936703143,0.01427292001774549
9,0.037978008934463674,0.07894242180859276,10.573635780019902,0.01319089852998171
10,0.023904029961615066,0.018608918960233457,2.945221546878843,0.05213769126914717
11,0.022670041223811065,0.03809362906260822,4.028740387454689,0.0723500470657855
12,0.036554520055586896,0.05085410917875178,1.6611073382348014,0.04253489677303194
13,0.04571315326951363,0.028561196326286082,8.684457151195254,0.14741164345651356
14,0.016682864877225884,0.09951596319721755,3.9468405615163986,0.013265672173448267
15,0.02870942978772198,0.035335545994413665,2.298121984123848,0.01958223629922674
16,0.021056416731496514,0.032977402861741584,6.101290269488433,0.03068651230222248
17,0.0409778460089539,0.03730219500227146,4.58377428108359,0.09297307071761099
18,0.029517109439815097,0.05857639608033053,4.9947057736451175,0.1256950168379684
19,0.024164356096679735,0.04191819268302206,6.108609494977105,0.028074899758823626
20,0.04427470701360541,0.02030522000730906,2.3068412692370965,0.10340847980049071
21,0.028055179769304918,0.037274530641965856,5.070701448157912,0.21593368301377516
22,0.015312618455569324,0.026948920039861178,3.6643535604275757,0.048249854975221454
23,0.031012063015170288,0.03626523467494713,3.7294799346676855,0.03830410955344881
24,0.04568192972409929,0.03631974576968874,8.074133517753864,0.0354151373754937
25,0.020118934041899152,0.027375442133423918,10.478850579825636,0.06232730276971774
26,0.037690614870885035,0.03529629482634194,3.1134116519700488,0.09729927554952324
27,0.03283999423989426,0.03323348992901607,8.821709083064839,0.04821229972992706
28,0.02272268888477859,0.06249626041397673,5.998987702710099,0.01716483275801439
29,0.01661499735178289,0.034610192410840956,3.272435300475034,0.14192964091215965
30,0.04039469155150898,0.06501461551959783,4.454769386466238,0.030989908626654305
31,0.021542311167953014,0.03629504818632964,8.715950660084461,0.02458856322837783
32,0.03141871520714053,0.020963478998431935,2.398207803001516,0.024672975759416616
33,0.025750069911943167,0.03200949143224085,16.058360930477743,0.0219077106639503
34,0.026109076965284604,0.029942280140061103,8.044111299818963,0.025865830593152846
35,0.04015295334670071,0.02501856496442724,9.973797129047444,0.0268240268806625
36,0.03078785537352815,0.11313725450317613,1.898202065520534,0.03965126611381174
37,0.019735903638928527,0.09530466983561901,8.155953158267756,0.0662773299530122
38,0.056609403396913886,0.02244232933107537,4.208518316577954,0.056706681673419045
39,0.02453927465920026,0.06434369731364888,9.90717257134196,0.12049736482492965
40,0.042114406163898374,0.06341109811786587,8.465803987867574,0.06505315266673828
41,0.03436786019024728,0.02453413511277822,2.7363076726293722,0.05269944193139444
42,0.02569560983661934,0.054235647514509266,5.40228331769153,0.0938612899167016
43,0.0269344592714728,0.08496083328336325,6.612185451864917,0.09622831235573175
44,0.042888660830760116,0.028186026563037744,3.1042695133151605,0.029755451759877594
45,0.05486058795858552,0.023921901458657607,4.625621585297773,0.1602381624107306
46,0.04648041512851447,0.04084203397465154,5.479051620447859,0.05448095340369707
47,0.02996049963815301,0.040458924594722084,3.4258046789721406,0.027436734723098676
48,0.029014868510264018,0.06444520533359314,9.217866852823951,0.058539496071115624
49,0.054832951979849665,0.026995886456831927,3.5151134053585493,0.051896668916818246
50,0.03984989819384157,0.024188875711750768,8.784283010957676,0.04872801437165315
51,0.03397887368172161,0.01618774362084881,3.736951885289007,0.031237076234846676
52,0.08130880580932583,0.026812305722723268,7.476206239823124,0.02419713062113117
53,0.031849669253364056,0.02840866633015675,2.0284399993525035,0.0158750856480452
54,0.04939738120059852,0.04046912598072623,4.2145652997072345,0.05360237410585675
55,0.012738100420099182,0.07331109115755233,5.161204340976695,0.011654805058032491
56,0.03755481903149705,0.04108962036186675,2.9822445666460005,0.056950870287426764
57,0.02996055096603288,0.02758051090865501,5.040188200026311,0.03482415188945548
58,0.02896304419860114,0.06122360754207407,1.4323926362755872,0.032477631333060995
59,0.02287141653162941,0.027897589390348802,4.124799249033102,0.0412330217078821
60,0.025678505102993236,0.030971293904624834,4.185395043898104,0.03907902340353897
61,0.03895402421309877,0.024080023741591763,6.572408549780208,0.1417308518315242
62,0.029240260499123982,0.04546286596409832,3.5227731241988174,0.04370408214903343
63,0.023705558713027465,0.02981025395908826,2.9700866908386705,0.02415890319285495
64,0.030439321677071838,0.04172130491408471,2.0569858312470832,0.014898068200468394
65,0.015770131323772963,0.07555220763609169,2.1420736578023645,0.143482624979124
66,0.02655669448096011,0.04152901912305911,9.265983848192537,0.12005222514602801
67,0.04169725640983745,0.030049971864591584,2.7285694828485902,0.0715366646907631
68,0.08953525640160062,0.030859618290669806,3.113307515232163,0.01955514642795502
69,0.04204387302390667,0.018614826218961357,2.9658576070029694,0.04682701736450124
70,0.050358663556731596,0.07767114210981489,2.807495215909101,0.021251392212213803
71,0.033631463412988005,0.04059703889774241,14.274338180440964,0.02070099199107057
72,0.04889733881722208,0.04810066868456133,3.1916718476059494,0.036990927452743266
73,0.023582171445797176,0.0465710393914587,1.2542706474754757,0.034283427647432356
74,0.026466794810719105,0.054968592095710894,4.361643474448179,0.025549556241734456
75,0.05348585282284983,0.013395489433629629,2.141940502154172,0.05002157698225781
76,0.03964419588633325,0.03818042534135682,3.4203528295643917,0.03851403216225647
77,0.025705560701485598,0.07419103631591945,10.01318651112293,0.16175332756359184
78,0.027991508600525346,0.04185109554104511,1.1300378249228844,0.059642598629138274
79,0.03580328874456744,0.019355950241062746,6.1380216575471485,0.02089940302234731
80,0.03288659306019795,0.02556059940905973,2.1764053712935465,0.01907834776423134
81,0.023215202489539448,0.012788166651574121,5.922693838372492,0.024457849523191667
82,0.04616714620141624,0.0667664869185284,3.6599208884328847,0.01105189908599217
83,0.018131948376284616,0.020438215688003202,4.34529156907581,0.014931764973438144
84,0.01866775360930884,0.046288859973418764,13.609895640692587,0.01367443092890957
85,0.020936477895675206,0.026713482591685798,5.946311551470507,0.03132865842320089
86,0.019982264831802706,0.05378610364298582,4.077261451756761,0.039005365360726824
87,0.02673818836015018,0.03408782854322417,11.918177996527675,0.04527809341256089
88,0.04106624002285183,0.02384909734329929,5.374804679401164,0.19083185855434756
89,0.03381258082340825,0.03242211932289132,6.1080407694547985,0.016848440387988283
90,0.028072157257075157,0.02595217988595735,7.661092211552556,0.01362965878410122
91,0.030512838366754176,0.04884375253260561,6.873121147816359,0.011440606179333956
92,0.05370234206397044,0.03713928490992227,2.221205261616527,0.09129851935735313
93,0.02910920619280326,0.03936801544958522,3.3126093262967196,0.07870948105969837
94,0.037147775577187264,0.02022167062659364,13.295321345568219,0.011924547561980378
95,0.022688065013486823,0.02816387704066759,2.5344056915604614,0.07016247277078888
96,0.04762122702302447,0.05216598315904709,4.83933237775121,0.026873440957813657
97,0.02916730074119881,0.05536377219992769,3.1487718846080472,0.013289433884012715
98,0.048983968897485165,0.025275659322267188,3.608827951355258,0.06298654042808866
99,0.024269850865403196,0.02899810806505962,4.597226088722583,0.06314005300466863
100,0.027387643753684902,0.03922469202474909,3.1599891464186576,0.10619171523649705
101,0.03651908853588789,0.020178908080269974,2.386317883698253,0.047596087195881515
102,0.023036625525417995,0.02636498696774361,16.633976560266355,0.017851175534342355
103,0.03782258951498466,0.03221884407937108,6.593699280266282,0.05966933061045065
104,0.024362675719869987,0.04816510514641136,1.7958623620752878,0.0859303057359768
105,0.0352047359957591,0.03059837742407982,3.5632568811702403,0.06639570175889017
106,0.0480432450991761,0.06644411269509473,9.533906124720659,0.036265568342225385
107,0.030649656865558164,0.019455395802342186,8.408128812288423,0.019784472592724436
108,0.0181691798043186,0.0480739223975313,7.277847150836257,0.047267584430664054
109,0.04162838617502718,0.03617092470874169,3.9109074153178747,0.03637776347367132
110,0.015125798104558016,0.0246920031611616,5.583284614335449,0.08392274655692052
111,0.01751004791435761,0.03959962858417177,7.167743977841112,0.0601904055931921
112,0.03409171210193338,0.07792974704774976,5.92363859455751,0.03080967959749245
113,0.035750846375982005,0.0336010397442418,4.822212746069186,0.28710295468232844
114,0.02399970941415654,0.03414739779069174,9.23525147753873,0.0730482793515417
115,0.03020670439613206,0.029480086143453873,8.920834169270185,0.03211972467292213
116,0.042639958577749056,0.05886264510741109,3.8819615663162788,0.005989558145367692
117,0.033011411543369194,0.032131486420559865,5.261899053876225,0.0258064206583241
118,0.038230432241159476,0.028180549551384385,2.0742385443998983,0.04151535798257065
119,0.03404052221188835,0.030020959224951117,8.935503765122153,0.017307273119649132
120,0.054071253963820544,0.05630152516562609,4.719755236397775,0.04068016524669395
121,0.026438581652498596,0.0498728935414072,5.681966229371226,0.020228015261688985
122,0.03054693770162336,0.05163513327961646,4.629375566694481,0.05191236885564229
123,0.02705745128127376,0.046264986131596325,3.121533972854571,0.030392363932735172
124,0.07969330854747926,0.026689472244213672,5.971752466886551,0.018121404373131204
125,0.01999284753840733,0.018583110623864647,4.085168664625544,0.19241979220513525
126,0.022694686520945626,0.03863007818954794,4.715801234083426,0.032623562499962
127,0.036049833590345845,0.03311619309134865,3.8372071557752836,0.03759208118998071
128,0.02560795236036491,0.049562123936738034,3.9425573061467607,0.10481468223505774
129,0.05808756112863275,0.054380839839948715,4.701524191109692,0.02688446575104509
130,0.06199045679140609,0.04954134105842534,4.650521024643368,0.07627820950227265
131,0.017116886901179264,0.022451112351324746,13.68134857203824,0.06580320165297635
132,0.040799096006977634,0.039689928051370706,2.866627009979085,0.022693699034062643
133,0.04815048372069627,0.04729602218835352,10.809482681410142,0.10513928620115885
134,0.018898205624187592,0.03486519520453194,9.09367105033469,0.055345870262387555
135,0.04610072114432662,0.0767101773810014,3.583343860397369,0.2222821633507511
136,0.045185986334537,0.0332014902235726,1.194264157115145,0.06863532076047821
137,0.02834752601024294,0.05391335308567805,6.847781135069263,0.11322668270147491
138,0.0529988309607493,0.039686946505055797,1.8926676752746179,0.015459202953340743
139,0.02144907858010156,0.013028768754354426,9.123985100786474,0.029659088568805253
140,0.033076657855191906,0.02741500044293412,7.121391670802588,0.02440090278412861
141,0.06041377595401934,0.034213835327403574,3.1939162759830872,0.011354781535832916
142,0.04111074865211011,0.08993270065218233,5.936605799590877,0.05545304911647396
143,0.038723497636952806,0.02238926541969684,3.144489783968535,0.017023518472280588
144,0.020323206314478155,0.0267634003612279,4.238347846795236,0.14786865868756643
145,0.07094681962895029,0.026515330341975223,3.749516455800715,0.4246237435778188
146,0.021321498482277452,0.03471406821920335,7.494382337801703,0.027615859121520453
147,0.019351559228589922,0.03951244536039994,6.570276252043933,0.01867301829692962
148,0.014276811684647643,0.02726377057609209,3.3721622300886556,0.05904108867961071
149,0.028640396053025288,0.03393062447058897,3.4011665322563793,0.060079588392426844
150,0.04116182674012014,0.031411124781548935,2.56813903903705,0.08366502683534752
151,0.06121517245763362,0.035212827290586834,9.126818429781116,0.06155809814456282
152,0.02241477071872257,0.05438108288988569,6.4910842268888445,0.12953790610633217
153,0.030804843219597616,0.054111616515479195,4.360595319294919,0.030138803796775752
154,0.03196250766589873,0.034228003518318104,6.06699648492446,0.031709453192894636
155,0.031813845305417685,0.03188682603324569,3.580840308054143,0.005933822517912272
156,0.032210644074233186,0.03849917839558593,7.992600310120399,0.20303631477537815
157,0.07966749094200383,0.04355461152578571,1.3526275118888011,0.0316768813888894
158,0.03825535536334534,0.04414385880645631,4.4279376656459934,0.041628340421932225
159,0.03376026387616147,0.043792308800189646,2.624613350791264,0.03649264533046724
160,0.03789024753718312,0.04130052917268424,4.930991811211417,0.07495923814952644
161,0.02800215902758016,0.021774154172836527,2.467594844274811,0.014337261385569232
162,0.021750434410231518,0.02623587879831192,2.852539689258922,0.07381908986070489
163,0.05038738407790243,0.033786422919230084,1.9948949781473273,0.10756769591855299
164,0.03113110829819281,0.014442741228643143,6.814218133147827,0.14042992556636932
165,0.019080132410646312,0.06436325818312083,5.022361086845672,0.02094861259558804
166,0.048770148752536574,0.02110309603893927,4.11449873317255,0.013271318371068664
167,0.06847647434354863,0.07195442952452735,3.280626093056228,0.17416317041241938
168,0.02635038095488639,0.025968237586929552,2.329712234545073,0.03942058981567684
169,0.025780859166551488,0.03475742363175491,1.3476461783491254,0.020343424804195206
170,0.043410486459240796,0.04390102799289758,3.598318862373902,0.0470209469637281
171,0.039521509993124614,0.05070113452615738,6.120110879153888,0.045655976522312666
172,0.01518001695199468,0.06808309886083357,4.081636170941692,0.016772181966110605
173,0.023606754982381652,0.027706130476554267,2.118091748730031,0.06472060017182288
174,0.02234138846368762,0.04845450589884367,26.531583824809925,0.17147653132389107
175,0.029114518225398463,0.028142428439760198,4.118159311592927,0.05035768713841215
176,0.01532541082334121,0.050000042656538804,5.500010522342474,0.058230398785411475
177,0.022557323384901715,0.0344981587416893,3.0166943964236244,0.029903138493973566
178,0.0211518580012552,0.04018412003202825,2.9039852247953144,0.04212068217159944
179,0.03128307592641153,0.03847995805144496,3.8280287372110036,0.07968497159373533
180,0.043130722295575206,0.03412144736497471,3.6430225162655394,0.028302446215393493
181,0.06325857134053456,0.021546552323712862,5.823220058621026,0.05687321722337159
182,0.020362540932950913,0.06000574028277378,8.899875125114919,0.016887736629633027
183,0.044044406083379346,0.03913978364850005,22.40108445857855,0.025396294487042743
184,0.05920037435041888,0.030304497440769122,4.817146829806093,0.016264659569879852
185,0.033515864434354656,0.03286266789653618,2.935167991502149,0.02760414242036412
186,0.02561775711404624,0.057579166990965186,3.289031347500681,0.013140650627075534
187,0.01830620610513899,0.05103161050143599,2.5700255624426926,0.016951908899993234
188,0.02744755033050068,0.022748558699889888,3.7492413877675768,0.005838473796947989
189,0.019467066118481813,0.10518524284412577,1.6937294342333773,0.008742542225813056
190,0.040431268145616005,0.04837451153728634,3.640091390188959,0.037073708293991
191,0.047397391217672634,0.03499064321580826,7.959006422830484,0.11472256813606758
192,0.03440781759063249,0.030980217544659964,6.954774741836331,0.18754869044285194
193,0.02919680546312818,0.02695736454685937,3.8537134483002413,0.03971181371140457
194,0.03726151244058976,0.02819315470243511,3.8865254128222007,0.1226574608863395
195,0.02374481690741688,0.04028336554360186,15.985026857332212,0.037571408606109975
196,0.031490873338720846,0.030076575881014186,7.126376449303223,0.12518739481681027
197,0.03835620772771708,0.03938269421539212,10.92168273674236,0.015018326471389247
198,0.028004327209357423,0.046257930291431354,5.8294317983498285,0.03315231523304359
199,0.07353861796978821,0.0635853386963049,6.899672177620241,0.16064992387937524
200,0.07308707745861773,0.03997796117594068,4.083569923118218,0.05601122443421377
201,0.038404119074158256,0.03393657131446836,1.0193819125026238,0.027271881281120992
202,0.039737415417352394,0.042676111313948745,4.6473160642872005,0.021403238681985248
203,0.024871291519619493,0.028553862115748046,6.4193103830506,0.0780732877268933
204,0.08667194547628664,0.019811970830151387,3.3912103812300303,0.05410335424134013
205,0.028919535781184273,0.0354861144383321,1.8423406080666709,0.21905254371790045
206,0.029237644332614533,0.034541481059936666,9.835526411446061,0.01358003574041917
207,0.034660848979341415,0.05091644725932441,13.666620163158136,0.07080110666456664
208,0.036194817983243206,0.027992875950213936,6.312822675091546,0.12950447526558925
209,0.02683428540828952,0.03431079733262343,3.2142239833165402,0.04086316145352202
210,0.06751229724657017,0.03454656010129848,3.076199321411005,0.02488826329181812
211,0.04756193078992158,0.03391613866153528,8.060676703790298,0.04632124419320063
212,0.04403212549582629,0.06862879159051162,7.8391335093916235,0.04440288293778941
213,0.041400950320136604,0.055262603890312255,8.223885101728438,0.039630068482933024
214,0.014961059856177622,0.056378212377653565,2.53266262218752,0.040003028288737204
215,0.034585462112447826,0.0413078470224615,3.7016622410721265,0.027877876339294467
216,0.01787551972664503,0.029211914136347314,5.322417047659087,0.032243666205621566
217,0.0144409796491858,0.03510814164102673,2.8408754217372825,0.0059901512064195975
218,0.03483589985011319,0.04325909152365931,5.431861203961983,0.020456885612046755
219,0.06859150773132167,0.030496665795987095,3.4420308014942287,0.01949536034179993
220,0.024912225956033388,0.03964997449175917,7.3767796100384775,0.028444916566512688
221,0.025965860382362083,0.03154265912196888,2.668128055651882,0.04731125378454982
222,0.012231398375969092,0.05100585043142453,4.0701349260877375,0.06364964435680094
223,0.048372435124053675,0.0192036658651636,6.315215918940856,0.03623398426835847
224,0.04285668636338493,0.03891709397490235,4.387150142789402,0.0332890206923793
225,0.014415591185309903,0.05439695270799345,2.9185061032201647,0.015675407296188954
226,0.02033709725122194,0.05196311726976932,6.342355658416093,0.0974567001127232
227,0.03753222313459186,0.032056165824763255,2.429102558334391,0.024317215613511103
228,0.026426042264849764,0.019416777162484907,3.7013922216257944,0.01936326124614344
229,0.03345495193887929,0.0359884239090599,6.624213820065107,0.02587882520558773
230,0.05821542086282719,0.05868074676776709,6.815899383922736,0.09067774832177028
231,0.04290239697943718,0.040624170846996,5.670065747590968,0.04865762186459286
232,0.02088051496282534,0.03441759414780093,3.2355743684075695,0.04402735239649756
233,0.0234662593193736,0.04607275248013018,3.6874854770956014,0.011545706479330084
234,0.03232392270348432,0.02607975940613013,5.3243529471308335,0.02897713737543233
235,0.02080513951195651,0.03384437341842722,7.259539843902697,0.09430349143037994
236,0.09888232063456642,0.037651611966567175,2.2326180114368315,0.021015729965483735
237,0.04636913955405137,0.06025523278872481,2.0136684496186827,0.12334233351936476
238,0.02289751896890759,0.021180098430207683,3.357758644016982,0.06497220164016816
239,0.038782337027848106,0.02503797215154625,3.158028118400053,0.03672178902717276
240,0.046868656786909844,0.029163121927546973,9.083812367885086,0.06820902916432375
241,0.023767002464717798,0.03634784431951094,4.204994773608526,0.01874806751467871
242,0.028034849330985365,0.04505758021286456,4.787580334786792,0.0041787025367436
243,0.0440201465346012,0.030564995498993334,8.150615098103467,0.05053661336132576
244,0.04177325890212697,0.04009544570096887,7.707699747792991,0.08247759709652051
245,0.05898550757303295,0.038688453321131945,4.141785870968473,0.10064881289393954
246,0.02848857966299285,0.031141667937142056,0.7613618490514549,0.17006033315112515
247,0.029245171621211777,0.03844464626361139,10.420187821892776,0.1182787282860909
248,0.0263345404164726,0.028313818237722728,6.7152709368268155,0.029598677243642815
249,0.04278601863784209,0.028548260746321087,3.895272000638905,0.03657527283585464
250,0.021084511397053616,0.05423267049074045,3.911037253303946,0.21705765815204422
251,0.023219943034625237,0.056870704655864905,4.583939144288748,0.035131421917098636
252,0.028570289394215964,0.03516490676029652,3.443088062583811,0.07655828278607521
253,0.04190413415177231,0.04379970106152353,2.3995349440854197,0.021520720525397687
254,0.025867302698632716,0.020066495213526183,3.587636174477203,0.05817870802420045
255,0.019775947035906957,0.0589831977110036,5.808508457956202,0.07237266656144951
256,0.03378386731351978,0.05295783045633334,4.430748740222939,0.04162814031751069
257,0.019374516548918776,0.02139981347765168,3.273481179785657,0.015653594430382552
258,0.030738919382705735,0.051033142993598214,2.6989957603392867,0.05016168394663816
259,0.026098009367830775,0.03381780200876047,4.457037474719411,0.02585826530917713
260,0.03890622183599569,0.04476220117774081,12.697418006903888,0.00956132929179604
261,0.06245425392009069,0.052241758982398794,5.1643189651288735,0.04838221151069688
262,0.01944628870896183,0.036557222028896656,6.007244639694598,0.059215956011345085
263,0.04512426962735191,0.027385426290830673,3.705003181787187,0.05883265116559987
264,0.025622387549216592,0.049388596686347146,9.403019469732385,0.11826584570082073
265,0.02969428931120808,0.02913858576461895,10.014844292779932,0.0139528993344738
266,0.03166752918123852,0.0475098407188434,10.362244793010673,0.09417734653955263
267,0.03522738302435826,0.032169152139327126,2.5865864416235556,0.03342898089161156
268,0.025572801861865377,0.026674107859110018,4.703921009508174,0.10804792770225155
269,0.01901705182281894,0.0689945255939263,8.583602419419478,0.016257187914837067
270,0.019627144349481054,0.028570356775279436,6.5434003024906335,0.12582494820331136
271,0.03922384925965224,0.03330524004427072,4.611533663037671,0.022248858103124356
272,0.02659597610403304,0.0451246517541566,7.966226975681288,0.021698012483092975
273,0.03895896605848437,0.027170519067356496,2.526464046572652,0.23447193816302608
274,0.03694137620806264,0.02965108155112222,4.813127400145671,0.02454063529615457
275,0.040084683966877074,0.03858103268065262,4.009127910189292,0.0074831041355184974
276,0.0302416168341813,0.03946262288900527,10.032687542326453,0.03667183409640173
277,0.03400042033138597,0.04218995425022908,6.231687588415679,0.03272380517699354
278,0.0419317287632752,0.029817694609125447,1.8421270344920264,0.017588146049829136
279,0.020476161422093228,0.0421116344959671,6.685623321725397,0.01606955539367237
280,0.024849558042238797,0.06357698583285956,14.037071485570207,0.029010370160298737
281,0.018006111705535514,0.04467385863948343,3.799765327623315,0.1711328463035016
282,0.045270258607340526,0.041726111395204886,8.31516879423362,0.07955749559652626
283,0.031654659378674684,0.03487962608713219,0.7493044435178263,0.014216529654584248
284,0.017130329283889904,0.028093322849303087,1.114849962928813,0.02610445408445793
285,0.04175480658302658,0.017769494392607745,5.575265158311979,0.04591316657014743
286,0.018571869809772348,0.04366729688489833,7.024052357867851,0.04125385774422104
287,0.061906511020939615,0.03068952878480829,3.641274304446102,0.019401316134896478
288,0.057386413641511584,0.09167489126254033,3.3464885586103437,0.021665498636390362
289,0.02759704868903473,0.037954236356154115,4.527355297251897,0.1079887432480052
290,0.044169725008609,0.041900506285548346,1.6677937229907966,0.03836847724711291
291,0.04485937715104988,0.038369908127357404,4.705436037835432,0.009857692851324514
292,0.02941956138004007,0.02187130580738174,17.172151355195982,0.0663239509584081
293,0.013104098623905259,0.023615505268416388,20.054463816438048,0.020643955273348894
294,0.029498531119704716,0.029688658835162342,5.516414502170413,0.047911983265144995
295,0.035102061634565696,0.03508730722599629,3.6090672167544366,0.13184247054744783
296,0.1013714166826741,0.04834574983212334,8.474428670834046,0.049910588424805453
297,0.017545681736649575,0.03642291301288971,3.274072943597824,0.0726798182568369
298,0.01660271120822112,0.024573790196399867,12.222808026417669,0.09025069647506237
299,0.014863484136790655,0.02944798792337023,2.1663830090506093,0.022643798677944648
300,0.02041145567892509,0.029829567684491316,8.4035602889429,0.02228719719401542
301,0.031565709101718055,0.07576526227991033,11.107238339728209,0.00800126961739565
302,0.03567439634761063,0.045133642504740626,5.466004329078748,0.04996863585116285
303,0.04985264603306775,0.03285597075685453,1.6297401628621317,0.031774549723755714
304,0.05758188134566476,0.035952083583270726,6.028339798691967,0.16532689907514306
305,0.015066738883103437,0.07281297588467231,4.425760855133879,0.0421551777976496
306,0.04197349865754998,0.03857958354670198,4.2338026674031255,0.057203213652418226
307,0.022727477772713143,0.02908641194776309,18.259962768905876,0.0359488380819876
308,0.02278665140957695,0.02476479117586377,6.4065879573963365,0.03447341115680574
309,0.02467297035639824,0.07690074730824466,5.172871799486196,0.017456424628724668
310,0.04387028488759091,0.031873744646102646,10.145758325914755,0.019100070705526294
311,0.0374418270533209,0.06166499065514934,2.4829756771775666,0.019728160118125886
312,0.05410816486844855,0.0381170239485014,3.1099802360521784,0.014843228242990635
313,0.03146345687966513,0.03330619480832753,4.495193302173734,0.046585312400254694
314,0.019594791978580148,0.033274653128621004,5.365681448191898,0.019110318174862143
315,0.024837201532945705,0.0330380508993158,6.364505433344478,0.03276405119968522
316,0.022065278808710443,0.012182859042719622,2.101583859937105,0.011847658505423474
317,0.04574908882106939,0.06988251079910948,1.747343003525039,0.04341547673976634
318,0.04593465506956289,0.0580913400213971,3.3869606175840326,0.04331666152560197
319,0.03383532472386546,0.0626980075400015,3.437462919921259,0.04075646747989055
320,0.02427698770930016,0.04341143999694567,30.569904801053486,0.028610612892061335
321,0.02953449154256982,0.026747799713508044,3.1473815459614576,0.008906972134017886
322,0.03202594383592001,0.02984231273623224,8.247685514111181,0.01583333829456962
323,0.017549767379024528,0.09234324669085806,2.6582273921063932,0.052040755726834934
324,0.05615459750723607,0.05075704913995696,5.828772790369577,0.12435093168554558
325,0.06213749278881161,0.028333921293842802,3.655385675483818,0.05888338347310415
326,0.056036913233812644,0.06956278249531668,3.382290813108282,0.05604004037242367
327,0.05048153252692547,0.020214871395733722,8.552805662020736,0.0166449892215689
328,0.030309674562544284,0.04755844761857778,5.334346569541587,0.06159452107780034
329,0.04800931761502707,0.03315772741263733,3.549205848024754,0.011451757371701865
330,0.04581324887006842,0.016566649108077574,4.664242103343661,0.027629988823309595
331,0.028127220004228678,0.04599671848375125,5.139678689407981,0.16746342875054526
332,0.02817346938114048,0.025097142170237997,2.0936053628113953,0.08311065087685776
333,0.034331061642816026,0.024041953036622907,2.0835043381870384,0.03332201319189614
334,0.027039799461155173,0.01596540458642736,2.0681343808341666,0.09579018768045515
335,0.021848740972979022,0.05648978747600941,2.498827422190014,0.02901075345427965
336,0.02318515178963992,0.03559022505872945,1.691290214602636,0.017068909495011022
337,0.07758146495301942,0.029022634656972496,2.6921514996857296,0.01651393311125326
338,0.03646941599491592,0.06941144246317855,7.18450191390881,0.023173409643337084
339,0.02546204753958216,0.050691650845623354,11.489796061322238,0.028207311371577448
340,0.027489608858373694,0.03674741600963442,3.1208393901854934,0.007736916027591604
341,0.030939932935688176,0.03572188243476797,5.308572996355168,0.023588056349948688
342,0.061372917247804575,0.02872803980048566,4.80237797843185,0.011960252438258346
343,0.04298793305175502,0.04450082075444937,3.9342608206645298,0.03109990085246052
344,0.03578883262870344,0.025000096255646483,6.363678012500651,0.08643528178059087
345,0.0363125490874762,0.06823513495120037,1.0691696159419826,0.06146926759301578
346,0.022972389142970312,0.020650491052639337,3.674830705376708,0.09238571826241093
347,0.05781200278826635,0.04060018935967479,4.5617629297610085,0.07908605071873848
348,0.02527003622054622,0.03003239466061545,3.64648799745257,0.01976853861812044
349,0.042141665574313064,0.031412577945478394,18.987407077392767,0.25980088953386676
350,0.060992032949883694,0.016334956415563123,2.919625110321009,0.07039648872268411
351,0.03665451169284614,0.04281248935267895,5.438779689716415,0.12551825875423644
352,0.020082431395830647,0.022394137937846916,3.7315283068225518,0.06777619909448777
353,0.028345211231704377,0.07006473476124506,9.691472665121855,0.027334911871895327
354,0.022603475133319204,0.02790179216590369,1.3600448478751386,0.08695632696981002
355,0.028420482341466033,0.06374179817624952,3.014159096658024,0.04248538046663854
356,0.03740310422809223,0.03521549420550892,5.709635885229465,0.03654326834960095
357,0.02970045805642482,0.02412566236906506,2.552705908499968,0.06510707915299753
358,0.02367141354470007,0.048868226184548155,2.931758797923681,0.011418666224704874
359,0.035195036418585825,0.02330598278117151,4.0496690753107,0.12102525309693746
360,0.021407967170887436,0.04311254619241782,2.6896523309199343,0.02977154893831537
361,0.05837999922340616,0.01784184822951098,3.038145211675933,0.03661523914456319
362,0.03267454596274163,0.021663535458226184,4.913321555233148,0.03901143404516277
363,0.027212163017099146,0.032971507553049555,8.56693393035314,0.07044433495013885
364,0.03212300469027906,0.055748704697018134,2.748869917462218,0.015393975345474445
365,0.024606778564580344,0.018778065845450893,11.017265915352809,0.01218677281420688
366,0.042761308819196465,0.03522144454666507,6.831388478019898,0.03690039163955168
367,0.021339009819476756,0.020368507449276926,14.034279322300579,0.09306791760929531
368,0.036176614181867635,0.025136948407710955,3.8467582702727228,0.007640237619832941
369,0.08171840838299302,0.047011506140724024,8.496212870885328,0.09805480105402263
370,0.03304019849347368,0.04024230423539401,6.427684983644835,0.02365166002478149
371,0.025952800044094733,0.029997681986552432,4.700954284676194,0.030989730539842143
372,0.02979466203609408,0.03944720260082441,2.53984586591031,0.06316590203803292
373,0.023043286388967882,0.033444705808979985,1.9748965255207114,0.0560205087145422
374,0.06606823447070471,0.03185994571885225,5.919081892462446,0.032504280528850744
375,0.07251204756338901,0.04212726853010688,6.801740214850092,0.04562814239272847
376,0.023446264808969424,0.024023687365649547,8.749108987445773,0.04796945537456018
377,0.03233941337294646,0.024089677856393613,7.140483701204928,0.0287283205751761
378,0.020112938209312224,0.055963902546443796,2.5914485737118413,0.06732286722222305
379,0.029153940344566913,0.016167007323110338,1.9877193305568561,0.03557569461706411
380,0.05056802596631322,0.08657164158439462,3.9056255591512232,0.025477201819375912
381,0.032331331884613145,0.04611279621420275,6.370733714199783,0.043839618461196446
382,0.0180336294409481,0.017528192596825237,4.107927945105084,0.04132247012976364
383,0.06789117842021536,0.06268876878419087,5.639985968820961,0.01136990290353858
384,0.06251581253448908,0.04186009896116466,7.030649184458876,0.056088899947369285
385,0.03553563117846677,0.03999852934856447,5.186747109690797,0.01831248507475545
386,0.04963145771113426,0.035670239835100724,2.7908343063294345,0.03285454589576989
387,0.0368538121159738,0.04290018700492429,2.680350295586613,0.13638980652592544
388,0.041721642790549476,0.0457213278179746,1.421275738496603,0.12713399271745954
389,0.031104637202597672,0.033259366768598184,5.676127535699373,0.16397169552399957
390,0.05698591174875028,0.01476056976540057,5.851055493518098,0.013580883420923642
391,0.024869560810077414,0.04951800055121657,3.730626072475458,0.0459200535232709
392,0.024299678985643145,0.016094816143804758,3.0162890733202783,0.018675565674628157
393,0.03215994604586077,0.03668187999686708,2.762775137610612,0.0614833107726737
394,0.03632271470022608,0.05060503402202667,5.5716391213556316,0.033166114691565
395,0.02738023917544895,0.04043985870076772,2.998134937799577,0.04170660813651038
396,0.0220096858901294,0.04308247690993233,1.8850973388936616,0.02559488912452495
397,0.05328922955669051,0.06791555769431772,4.540696019667471,0.039566531887985236
398,0.014251906830267553,0.023647036777060898,5.456597571734611,0.11634540456122563
399,0.019197743186610917,0.05762431945727734,1.7019209165261593,0.09340576723708957
400,0.059910806611547754,0.030131863215957705,5.608025157896869,0.034968962618707196
401,0.0672581988805857,0.03721980496695215,5.022567334868768,0.1529211196952194
402,0.025558956043256125,0.024399010687868292,7.115878895634003,0.011108736853155401
403,0.026459913122327674,0.03694632701085371,4.599938154858616,0.08360781823775712
404,0.030611960353626125,0.03033016145653271,3.053007290093757,0.03446571511877468
405,0.01333371978305807,0.11276375123150091,16.18241326740985,0.023595566281378096
406,0.04536431309465445,0.06600451931483209,7.104178660710748,0.03260306528155128
407,0.028997977729645973,0.02031271260710477,7.444316897651417,0.031089016073342853
408,0.03600731735590487,0.0724111840665434,3.345424940259676,0.038119196158644605
409,0.09350673126714122,0.02864405308151985,1.6720623092178777,0.015322093305754163
410,0.01686491240199378,0.02329551889642149,0.9844748727773296,0.018204624314240955
411,0.02955721578865407,0.06568020892644877,3.98079054379986,0.020677873070291317
412,0.034846244314865875,0.023337960304963688,2.5252207279387755,0.04515380918340127
413,0.04960982613693738,0.05476181689338143,3.6153460548203915,0.1175484401418644
414,0.04144492160331747,0.019524188367564376,5.152494573952583,0.024170681524100356
415,0.031094538702544982,0.04115540301408109,8.502257452392751,0.012114645884964876
416,0.0443574688421395,0.0707084200191482,16.450676669397602,0.06831859909489214
417,0.03328580208267244,0.01922024963819314,3.135022511017882,0.03490242963907707
418,0.03777343441240183,0.04058030615510228,5.802945280959184,0.007868108193133546
419,0.07380792654392636,0.03353990368304362,3.994870894613867,0.03129453320130308
420,0.01636178624016726,0.03380752601944314,1.3088962045787333,0.06244529755917254
421,0.06031917161300654,0.027169813131317104,4.652339084543453,0.020175151961894823
422,0.03289738799029593,0.0229119317009867,7.155284667929049,0.03127783168868979
423,0.04179548879186628,0.024759515691781916,4.339789973487203,0.05700501471140248
424,0.02058342982814512,0.06394188357225106,3.479946224901366,0.0472487070492006
425,0.02136788426833647,0.05677168012481261,9.400581485429086,0.07764784936572444
426,0.02373474446117406,0.04607414887090386,7.4714122795717905,0.09582458995385192
427,0.01402279519821127,0.037226175845699906,3.4364475940756165,0.046792974323291846
428,0.04687054961898854,0.02859522361046588,5.950451005915266,0.10825499006838571
429,0.045844142749642915,0.045126224850998826,9.38493012661452,0.08460490431456201
430,0.02428597555009063,0.0617117525534717,3.6211530885365106,0.055948526493207876
431,0.021998209487121338,0.04417774276013251,2.7695240965570433,0.032464008910329314
432,0.03766783254283594,0.032068668041540134,4.254654445417458,0.04786062848879311
433,0.03952349224188164,0.06271197775311155,2.7987558391660383,0.049022786575063454
434,0.017128220763510924,0.04550510572820387,3.9947808435809127,0.0718931076112516
435,0.06412992039388836,0.04906165003254489,4.604497413171685,0.04816054064096208
436,0.032374081040198066,0.0397662979958393,1.7924183431357132,0.06338035410384998
437,0.024983769564072993,0.026752819095255082,3.6318483663274974,0.034700638953193634
438,0.014318171799523311,0.06026377160176953,3.924098133825379,0.03633015629636629
439,0.024523349660893565,0.09383592929214168,5.338202992901727,0.009105149428614161
440,0.028377589015454202,0.025586483001241205,2.3906076794844178,0.033264383562772
441,0.03721189923915967,0.022871191679954366,1.507035159805978,0.1295430773871647
442,0.06092552279137761,0.02280499515412128,8.623934182970082,0.02458552757696317
443,0.04121264729889151,0.05300203732432487,3.7529371050825997,0.01437005958045872
444,0.032013785653514704,0.059014967338510325,4.71538527787378,0.08105564716463518
445,0.02432465592996441,0.0589053988994356,6.48185284282104,0.039035589585174855
446,0.049471595277388467,0.05008130546916271,7.2664796841614026,0.02931941533054067
447,0.03618953275854475,0.057900833270370634,5.535836786800899,0.03226549462804361
448,0.01188027387063615,0.03849954304265639,9.285347379249668,0.05381365646010529
449,0.031418169259461434,0.02416242322996648,6.652978183373287,0.07101606496465443
450,0.021106759243579507,0.04241327607933239,1.9163949012072925,0.059687219726717866
451,0.03955975910544316,0.03454199865139427,1.459734083212817,0.015297836863577694
452,0.04245341612996466,0.02683439056346085,6.096540628651468,0.02172691864037004
453,0.03340209771030864,0.05607850121004778,5.080465483432702,0.01679415217761977
454,0.026146508089224436,0.03669546664804488,1.3993484040522388,0.03236083964999361
455,0.0314866690658702,0.05276794903219517,7.128292177625088,0.06552469174821796
456,0.03160123095735218,0.020965868705840735,5.3669873631862455,0.07147082152025931
457,0.01508487146002562,0.04630759595167614,2.641902363041598,0.04682657033073552
458,0.0411882710535371,0.05694169599072438,1.1527543983504194,0.054538413672473085
459,0.05611274862922731,0.08804651609654161,8.699561843950994,0.03545857292983713
460,0.020671132725293324,0.03141564614262718,5.510398712054443,0.09616366768257761
461,0.030081367679554192,0.03162570205316458,3.7537019064054675,0.07742344703959497
462,0.0387571984260018,0.07425009467848327,2.105590645047862,0.040977975433613915
463,0.055674060259308086,0.060575158424264045,3.2873848068975042,0.1773260295695145
464,0.031384557241783816,0.03376162816460755,1.3384870811099594,0.025356979204255933
465,0.03375529895120785,0.02630744771781448,7.428456285964367,0.05850577681910336
466,0.02448814885812662,0.041403982656393404,11.467622915119021,0.047520479402071596
467,0.061721917406433395,0.02805703933914288,7.440840317905156,0.03621127988559297
468,0.017039602109946695,0.06077634941295641,12.032053757892156,0.058284093005104586
469,0.03791015735803722,0.042983601967101485,3.7631161619599847,0.0821668702146602
470,0.02959017745495936,0.03460823938877757,9.719745279168327,0.07810150870109114
471,0.04644973895754137,0.042629357625129094,3.5676085774215536,0.07415488477172857
472,0.0294009903004756,0.03325465200888541,10.730149672216912,0.04788071454145106
473,0.038415540783360916,0.058071557678714074,3.084916178735535,0.03219440161222333
474,0.01753391660457293,0.05117153559967161,3.0015298207105268,0.02642239893650617
475,0.026196620887664786,0.044634588429877914,5.504025164358912,0.025107439021832174
476,0.02376300091546282,0.01766298042752126,3.1349531444117784,0.02224134325237107
477,0.0211279327187829,0.024189675180479576,9.164540978108736,0.13765179639141137
478,0.021724831411935645,0.028521782674256643,4.002872032084353,0.04356261364108968
479,0.02400986912723841,0.04502468620879293,10.790796102524844,0.01700560503796786
480,0.03117427759995181,0.026620718469224987,4.608802139489218,0.04391203250409313
481,0.03305637605021509,0.06321253065863486,5.346361112286118,0.07781614309737522
482,0.036029573595075755,0.07604604426136849,0.9746974307885041,0.047276413433901175
483,0.018906185990846303,0.05489175214145462,6.62037062036395,0.16199432623652654
484,0.05269942478319819,0.0382104657019462,3.271803881057944,0.03152849622415298
485,0.018780170917842117,0.02312481788460562,5.303067468359821,0.01317390972104372
486,0.047207056969944566,0.03240584201930603,2.7724470303895905,0.01654004846862176
487,0.03815428916801351,0.03413768368493736,3.7190095401051892,0.04556330197864342
488,0.029720002640230715,0.033463037803722964,2.783557164973861,0.11616028633046156
489,0.02393358558679519,0.035874969226802104,6.968399977177575,0.0576331285193763
490,0.03157175711457311,0.03444523312730821,3.8647136112269567,0.02432355185056092
491,0.026161205328918472,0.043106864479752725,1.237758381867579,0.04084354694736754
492,0.04159304804598501,0.030529507687073767,4.575526694622863,0.019688292831606197
493,0.03885444004025432,0.03374273975294613,2.2707879090686673,0.02195546836264844
494,0.05891739667674616,0.025323861136755773,1.472998712853666,0.09071862265932269
495,0.06361994509705039,0.028824472578974886,4.48814211804284,0.06154224968792159
496,0.04565080210156029,0.051584288424565077,4.1669591114424875,0.1592132950699202
497,0.03806328256600098,0.02503566651157917,5.053156274502336,0.025242230981892738
498,0.03963296190269887,0.033732990409575656,6.564589773536531,0.03598096489629663
499,0.03788921756824269,0.03336931716238762,2.6764260234059853,0.03590360919377274
500,0.015228916848803425,0.022143304601093542,4.0512215095467985,0.008598168065953989
501,0.07933234305448553,0.027180324229535327,27.611582228352948,0.08802238824678706
502,0.0506478226407871,0.03772825071492777,4.217803012038848,0.02608113238658004
503,0.018974080589960765,0.13236671507752812,4.3078175703531505,0.04280193262704962
504,0.05787168487477809,0.03587883783550668,3.8781836304112747,0.06865013845543314
505,0.02251425627148978,0.093492572190212,2.6716684054605757,0.0577960952551624
506,0.06428458051443246,0.018454271580989487,1.0349452539141637,0.08846852510181616
507,0.03424858239841291,0.022026356527079346,6.839035849127913,0.012929050386944706
508,0.04177369527258433,0.03016827087070844,6.676246763751042,0.07805821204673652
509,0.016917950771655605,0.030301335033414714,1.7152181348208926,0.08567241195742185
510,0.03154525528505778,0.022010561891587826,1.856529282275958,0.041094857157820075
511,0.027035684005382202,0.09774311936068905,1.0806580334054368,0.35683914209889817
512,0.030741574245914435,0.038190342793647705,2.78010591840122,0.01297053139606146
513,0.033166882089637396,0.03877606364682509,4.194636888933275,0.05402074417174596
514,0.04212712905594974,0.04413336812423113,2.5147364062055364,0.10973577641388281
515,0.02604533713039364,0.04144040407849455,7.879861398717662,0.03370427861580183
516,0.03979196622453589,0.03444463032533016,3.3623645100894803,0.049534449483348744
517,0.035136532750703345,0.04172268825446412,4.291083757627547,0.040369564058349086
518,0.026294931913634377,0.05476235766332827,7.903198177071324,0.01951934516975922
519,0.062221111656159823,0.07532809079020666,1.974877672582583,0.10369933235829178
520,0.03664874750111065,0.051748312048328186,4.052519310266691,0.03410876346333856
521,0.01800304068363556,0.04081044305635593,3.721897303872673,0.017663441391120506
522,0.05024323539010246,0.022968678609196026,1.1764148823185512,0.03403940869332905
523,0.05471473796644179,0.06426125420726933,2.1195374524453534,0.061534719216967605
524,0.03557271153289039,0.04507250654622505,19.12482447852904,0.030593845514833174
525,0.019921057845323425,0.028528605706201696,2.535337411947488,0.055946546308725684
526,0.030068819324909977,0.03176776728773502,7.687214048663193,0.01964184819209083
527,0.02507633423305877,0.023815145640443815,10.96169303015062,0.07156906018543008
528,0.023190961647152106,0.032470703268454554,8.646361299219905,0.0832058198718087
529,0.055582625709702904,0.04972137440829971,7.087919079688415,0.04320298963715105
530,0.041490108368876295,0.04743072517609466,6.517584519236763,0.031981583953311375
531,0.013855219424128021,0.032453551304508665,3.248735576745579,0.15359711443019528
532,0.03498283351293366,0.04037773080272205,7.61739493479003,0.11081060616293026
533,0.02450844612554386,0.055702077269773484,1.535848660686345,0.037236327467149194
534,0.024309953026343284,0.03740403804315863,14.048825647233693,0.07479952288517301
535,0.03265534204763584,0.04395856152234744,4.353178239433474,0.03758209306927858
536,0.027420314946527802,0.02862841871113553,4.535713372281844,0.015513665991563248
537,0.07624028720784913,0.03271802163613069,3.2789290233428074,0.10685256077813969
538,0.04128033987123891,0.09276193749403458,7.765434061202826,0.13111839459243504
539,0.03319551408206025,0.026606738969101734,4.52967444232756,0.00815021187160739
540,0.05016726661878231,0.03009801304791758,11.24294585664188,0.043427079538283224
541,0.045565089833043734,0.02958889236778421,6.418906502735506,0.021236597042033786
542,0.02894525120315788,0.04095011112208027,5.462428176790021,0.059171852777199184
543,0.013577639396898279,0.06458189557224434,11.239129630319788,0.092392912027142
544,0.02228456747133467,0.022399788065375396,7.891532783805515,0.03319997685680941
545,0.02500072603095627,0.06607274450072465,3.8078878617462717,0.0386811974012839
546,0.1118270132127841,0.011943428972758185,7.475817347984805,0.040942563788048274
547,0.0345840176186535,0.04127091868653094,2.5596133731381068,0.11097960638728288
548,0.032681636135177404,0.04262506906094132,11.315224168523324,0.09603937355392123
549,0.07255264369991118,0.024906638089178312,4.898750420356201,0.11167670425644612
550,0.04953145264362413,0.02218068666466306,3.3026998258037996,0.04328905043594915
551,0.024333372046213612,0.05698098892999499,3.4707255840660554,0.034688076063417256
552,0.04500550537025596,0.06343020517311529,2.8188709390737725,0.035155320350276895
553,0.024948571680390497,0.01990334910309107,5.188189929719292,0.06199536223890548
554,0.038400536035331743,0.028030199719069324,3.3430572223742203,0.04452034013404663
555,0.039059813461889234,0.02703252531767298,6.650757796197594,0.015131088665845012
556,0.04396155909161689,0.030938003117024132,5.880800743251935,0.037969045012488455
557,0.052998562551132194,0.042637439049767696,3.8819728974615724,0.04000579642834231
558,0.035438198911131286,0.02585497843790905,3.7913637704584997,0.08878650722010989
559,0.03329615509714876,0.03671738186727333,9.607283155209467,0.045636026872034295
560,0.01470184602493396,0.018874611595427127,4.497056512840523,0.03578171319979601
561,0.03800206106713856,0.03823511957784796,6.2565794416537175,0.1028217402244713
562,0.026860535005288483,0.04133041675249709,2.1553821573561827,0.04256158409111227
563,0.020583062488575585,0.0639107943478118,7.962884163829756,0.025251560366975297
564,0.02802272877975088,0.04859464205595895,3.8381130775049423,0.08491231948748858
565,0.05844187644873799,0.05938531809354912,5.231538001121507,0.04545076351648858
566,0.03656523611935179,0.03572307340094025,2.5908989776641067,0.057024790441519306
567,0.046399113063070326,0.01552198225664813,3.15794273705184,0.07838937509295517
568,0.017297747742810905,0.03802334612840907,3.9891456454468437,0.016904045586003606
569,0.03975422864103284,0.029398003939922528,7.0041070904635685,0.033868482485363845
570,0.02409565592869622,0.024527378141704085,3.6392916944817184,0.0298438195740594
571,0.029675626014711024,0.049804279639491585,2.191623377698607,0.02330055074892852
572,0.027949575472778827,0.0682933266368039,5.08524357404117,0.006572160584831309
573,0.06727683310591091,0.03796351381277254,1.1929250719345004,0.02817128424081349
574,0.05941183761476226,0.037205087611902075,2.862156644660633,0.07934472030658216
575,0.02427008575903094,0.026934445587002313,1.7754307421064057,0.030811045062340368
576,0.0566026826270519,0.05272654543811015,20.039620705107968,0.03913760366524893
577,0.0642133712558798,0.02941028178387921,6.582783090825397,0.09436941637366808
578,0.027305691907172358,0.024442006200434848,2.521400458414008,0.03294381366401788
579,0.02928785515938184,0.02152980821934245,2.0616293058300705,0.10932199222837881
580,0.027539125821689384,0.035200958040123916,6.883746633660637,0.02468854599281639
581,0.018159335146834495,0.036919309963831255,4.366815419746724,0.04131678821415261
582,0.030789160428612777,0.030202416075415087,4.043108498589152,0.09759099630990097
583,0.05959120156798057,0.050449609796296487,1.854487540812886,0.02622655465374602
584,0.054582019143012174,0.0226128249416439,6.326579022693729,0.04166793835461794
585,0.11212969585084555,0.02615550259502889,6.7430385778293225,0.33786715680410456
586,0.02802547910375074,0.06192489080826669,3.778738049125043,0.04748502006738027
587,0.03910076703358829,0.029267007094860364,15.937844181378544,0.09299132792859602
588,0.0349666429768884,0.060395510026361704,5.399591145019867,0.03627854520418535
589,0.029711949921372233,0.07240637869098122,4.289074388756367,0.026694157215956867
590,0.04850100636456826,0.042866885645148185,6.6086926725189015,0.01204712804303856
591,0.018266709705811655,0.04236532785129168,9.110363315433059,0.007184940365910162
592,0.02779940746058565,0.027196988281383644,7.0112694909002276,0.052131633909289814
593,0.09078715497386543,0.05430338769247839,5.777995901497945,0.02522796139142422
594,0.023853390952770264,0.0332875471079098,4.272168574238014,0.03886899494160324
595,0.031729974090742,0.0624365858156229,4.3963141750263155,0.0726895615597363
596,0.038287279425250544,0.04166250802976008,8.527466326278525,0.19817346477551603
597,0.031771197864170805,0.03636426375938545,3.103569188659174,0.01956621703326166
598,0.030197847882528835,0.026846614032049063,10.601346661501918,0.015052989257102828
599,0.01666165362298895,0.0418550020108757,3.5949037664784838,0.009023503268126511
600,0.03277951987684077,0.026306062103970285,6.795275195535864,0.028939002598782522
601,0.030292600951403435,0.04268916670702608,5.019902930185236,0.023198796225239862
602,0.013098223260347675,0.02552798485149427,5.189039911384191,0.04731189654603404
603,0.020931226257086277,0.039451708691992424,8.278186555405592,0.03053032057999669
604,0.0347318919369107,0.07867230777327312,3.382188510592209,0.0560749040605821
605,0.03026634942244209,0.059611008610324485,1.9945679680101616,0.015378630496093004
606,0.033629628912883625,0.034234247971229384,8.215218357980289,0.014534904562468804
607,0.02830014445300266,0.030200576918417814,8.69472632336791,0.0714219129735048
608,0.04030903643248224,0.024535099951598853,2.9811801248715555,0.06766867619414837
609,0.03769042916005949,0.03999511691751819,10.897541100949248,0.08827904020730733
610,0.02152283228587443,0.034498045496603194,6.639661756789746,0.027872668546935417
611,0.055998006154884365,0.06031265121727707,3.0318034712611723,0.03487052811142157
612,0.029937105245786085,0.06238642888611437,5.143870133125852,0.09019472507613849
613,0.045205889414863934,0.04484983677393527,5.264069016924443,0.10239321275844974
614,0.03339503558688623,0.03214317405671917,4.783198233314351,0.022209032108901572
615,0.019423331049685744,0.07864219640296627,2.3305181605238787,0.03472748615240238
616,0.023682161482721408,0.02603681597183549,1.687035736909939,0.027801583525096436
617,0.05153719759974507,0.037872454733101885,8.198798571154207,0.0251922541039245
618,0.03050129858729801,0.04393707417990693,2.077454726393152,0.018050219242935612
619,0.06954613111284891,0.08749747981322646,2.996591808621669,0.027012402069305948
620,0.013492682001385294,0.07505529728621248,8.4012589969112,0.04861906638646459
621,0.035173474120059965,0.05768464064907038,4.378468317625004,0.00913375232003162
622,0.027831837307671626,0.06329174994980659,4.028556807886892,0.21673136464538778
623,0.04172151321960592,0.03035377719873629,7.233195479841831,0.1813080465669617
624,0.030153067731840514,0.0321079044105044,1.769789529188071,0.06603443959235776
625,0.02121088483246355,0.029020688797147816,1.1082686292723838,0.037075912250686925
626,0.05481479428924953,0.037526847202992736,5.971554707988303,0.0400384138176305
627,0.04562612288404488,0.02424757685386127,3.814452754914776,0.12249144591450972
628,0.04892861310737714,0.04757506599142343,3.0343533227947237,0.01865712665015828
629,0.060396711110652056,0.03260636001721702,3.8608388654222923,0.020349851618563473
630,0.03808118363266489,0.04162572590531821,5.760648719877456,0.011000113230123383
631,0.021714705582944815,0.014843309848898329,3.3858036968530674,0.11429585429502387
632,0.049473684027720344,0.04112862279710188,3.373760883112689,0.02115561471594685
633,0.03477920056632396,0.04575618521163272,8.874732763067236,0.04041546466859506
634,0.05169155585003822,0.04144955695369766,3.144716087703229,0.04758878068666735
635,0.020081679982305773,0.03725867614688898,4.317367263761925,0.043176724474446294
636,0.037421821471007796,0.11440444959214542,5.804024824730145,0.044962661734722346
637,0.04412440592381901,0.023988983753067166,4.122530585669032,0.07857577918727013
638,0.03083474952148665,0.04761437536991473,6.674882586715098,0.04257351113893321
639,0.039802325341010907,0.03449508156892788,7.271854295944963,0.0703123124994194
640,0.03899254227282963,0.02369486796144269,2.3447769435478167,0.08623680815220584
641,0.0380151341642622,0.02308019280322694,3.256441493900743,0.035979963669696725
642,0.04619768603136072,0.02775266634809933,2.6957292063988887,0.04142281890988961
643,0.030865381636628792,0.06747867193283687,3.753847601694455,0.0425595920009204
644,0.02533165652429507,0.059673580212597735,7.428473832699022,0.033405859319836854
645,0.019910438901871757,0.044333656934913854,9.124982187280029,0.09060106516853524
646,0.029543413263498474,0.027774151109894417,3.356282351974423,0.023197842124790306
647,0.05113852766298686,0.03538993773175501,1.5752272273345795,0.104705935096396
648,0.050523824129743156,0.04494047656434944,3.475009633977788,0.02007361554146438
649,0.05018926176320423,0.046116853610178324,6.252534520581646,0.04844706339469453
650,0.022837467189947534,0.044533034884804944,10.618397272618047,0.030425136502528757
651,0.03289180836454709,0.0533965112622775,6.31352848314466,0.031192050164866952
652,0.015322918685052393,0.047312182854297696,4.288766582059242,0.048793431223592476
653,0.028869441671456487,0.02443397720277428,5.216673395255388,0.06656421292151515
654,0.018706622099945502,0.021788763384186356,9.638072088973896,0.058844947599821035
655,0.04985343625496242,0.041172529602004446,4.9146980813316725,0.019852960536939072
656,0.04419307098301846,0.038242321293793936,4.567015312421607,0.03197311193989854
657,0.028087527038754504,0.03675368930439813,16.545540421610124,0.06242889013056995
658,0.03433793493841232,0.02114294370480839,13.026592758503828,0.012606391447263825
659,0.0326467309701356,0.04234310396638916,8.00015400499389,0.018246352619975283
660,0.023509306697241304,0.022055681127581783,6.041217532696001,0.04719505655262891
661,0.03354279293361766,0.03968385442116125,5.703754027136192,0.013653199956154462
662,0.037683799499221786,0.05301771187342231,3.9920486303080804,0.029462693678234373
663,0.02123634723061925,0.02112544530649028,4.664332993676106,0.05560131709568763
664,0.02179316229897093,0.023783854381653653,1.5723517560233895,0.02822726828834519
665,0.03453500917645749,0.041756867117640394,4.647628832527272,0.05410493511715245
666,0.014852175149204071,0.02114917694118325,2.792824272177764,0.04077119581910052
667,0.024618227957176494,0.030375914805847955,10.04810480913612,0.02105766878798532
668,0.019226032842402097,0.021145589351015178,5.4932957145999595,0.01046148553327186
669,0.0352309985206945,0.04929745236923973,12.484685491944436,0.03884030851012701
670,0.02314834907974754,0.06727639800858178,2.3950948272914943,0.1328186828814102
671,0.03444288068031584,0.06197156153606404,4.450525770354882,0.08548067561507727
672,0.03559972571151791,0.03548837746589883,7.426350341319793,0.01839255039678038
673,0.03144494959234296,0.05223529907415904,6.87540453853034,0.07232347024194366
674,0.06513402459260127,0.03898527053381341,6.218389192935769,0.02436486145996827
675,0.0298443303154749,0.039444841359420904,1.879319968710533,0.12278150722480338
676,0.03476340397598632,0.020942912458556274,4.581680674453983,0.10803079311282174
677,0.038659653337601116,0.04666769690894405,7.327255292976738,0.03298783027594523
678,0.03966818876929927,0.040673910819239774,5.252525562598518,0.013662512346799575
679,0.06887916669318069,0.022641227005784244,5.4425293445170695,0.007888354158154552
680,0.049851702894512344,0.044683927695846504,3.250176042956767,0.05333119661245092
681,0.04822509571191101,0.02255673019890407,10.043825098872624,0.026568270230808263
682,0.03588916242837142,0.032890277211804535,5.054595961630982,0.13216426724983837
683,0.027069792692607435,0.030788929257066278,3.394034999776166,0.012819019629351428
684,0.018153287911002444,0.031727067724024,9.42420671449436,0.025378227747036828
685,0.046185146979543,0.05729909884477374,5.176308195733357,0.032596774186973196
686,0.03672564965485362,0.09799136622563165,8.404296233926786,0.07139867043379428
687,0.033620024196248,0.03846614320367293,3.9342561870009756,0.04786706513730316
688,0.060212670075219674,0.04458501374043654,4.67011187450909,0.08490741825384769
689,0.048114324448544195,0.02181192664550223,6.488057227240976,0.02792379414709293
690,0.03406501200785448,0.05097270452744917,5.463185751080827,0.004478666872100814
691,0.020913165872073494,0.03241142815338562,7.196302408689083,0.027224137049942282
692,0.03527438269160226,0.022409294137522594,3.5812427152273774,0.03903736979571003
693,0.031403603781050476,0.0586271115894233,3.91118246400477,0.20156062369887906
694,0.018441849973899978,0.051339868039584846,12.880615654332313,0.04920539694953767
695,0.032420675227347685,0.01846978086935498,4.650972344894537,0.11714938993567262
696,0.03532358807822062,0.0634900963012142,5.480978756566453,0.04916649872531055
697,0.023358635420694013,0.04024321812752788,3.023479973950157,0.07429205264493045
698,0.03483285257611745,0.06340969410175915,5.017889639931181,0.1157521151061726
699,0.03221108160351317,0.04828113292160967,5.254499630189472,0.09008940164012552
700,0.04072718308375067,0.032045105381342774,6.839039037899991,0.04222093145869484
701,0.02230710415324006,0.05567191129753412,1.5206411545702019,0.11218095619638545
702,0.029974853707087648,0.0541494060292109,2.350188073977781,0.0360025664542311
703,0.01751814946086443,0.03514361090689145,3.92136031456596,0.057127351438887
704,0.0210095178163088,0.03439500409677041,4.4569716794139485,0.08185994553787222
705,0.01818023795908427,0.04234267393491932,5.686781802258141,0.008664232634673377
706,0.024325387370783214,0.04624967181692515,12.028975064837569,0.19260771419164885
707,0.04176233631672981,0.034062164010004496,4.1637322201301155,0.043024899679772764
708,0.03067652545360151,0.03424218809633736,7.383827844343675,0.016958294304210315
709,0.017373963673015358,0.03024723730745988,1.7004047713905233,0.024362996669276098
710,0.02687626176366944,0.04049422455702065,5.1381335762675775,0.02751040648739122
711,0.02073859640369287,0.03352713555373822,4.337527397496949,0.050591761639390116
712,0.048099991789144717,0.057958275585070995,4.633805691098021,0.006740551117259268
713,0.06116736713152242,0.03326735585475185,3.501496612230152,0.12161546250119343
714,0.03071662286989057,0.029449047206978395,2.332804511133946,0.04632108815283855
715,0.01674849670463869,0.02531138208157554,6.246641365174014,0.0643485850686639
716,0.02975860889954952,0.040468445375851564,5.434542292797796,0.025571724065315087
717,0.029284542014553428,0.042668070900754695,5.548212936346159,0.07032589590854416
718,0.02700337142023061,0.0373914465734171,4.487904992556785,0.04509969370056839
719,0.031857810485667534,0.03828547664228089,11.6161191748008,0.013064318086648583
720,0.03570059978352913,0.04293959881511117,13.16041288556778,0.06752918626621425
721,0.07104127841940615,0.10337123375877244,4.581537417701235,0.08546377869798923
722,0.04360584443289268,0.03577613574794129,7.873084359696909,0.026330125145518506
723,0.05534759379903782,0.03420759427602527,8.48614248132858,0.009297116566962537
724,0.036870934387380025,0.04012857480731777,2.9211356015606733,0.015343987762915538
725,0.012991026398806232,0.026360891539990185,5.517217202712568,0.015317419307175322
726,0.03693327069766061,0.03743012804677912,8.63224566967708,0.03965915507247048
727,0.03174697523954564,0.01936174408484632,5.412422903488276,0.02675586812804102
728,0.03651213492806682,0.02260806231057108,3.083658260172202,0.05737227582257189
729,0.01426737707638925,0.0551880431320291,1.8881739593303917,0.0417636293936178
730,0.06931433201682116,0.04978521421982627,5.707986319126221,0.06358675936470837
731,0.03190450698307603,0.03113637865219374,6.358437589836979,0.10993257223774304
732,0.03717155911356034,0.03720256079317701,5.561779158490795,0.029306044337292014
733,0.03999165090424638,0.030114199372738876,3.115521507391526,0.07082246408877105
734,0.030333435656453977,0.03211478407598473,2.3735541572502323,0.028869075792856594
735,0.015553854776280941,0.027789511541458967,7.577779931166635,0.05367381548897163
736,0.03663751781905,0.04735934006636316,3.230342310854412,0.03683789909575508
737,0.06779483692417793,0.04952081245667564,4.3789652943940345,0.019244507372767675
738,0.02322490647252704,0.03946402592495265,4.258295258685019,0.035116867068664834
739,0.024931523445933215,0.04545034589006131,11.261281654469446,0.023251667101089613
740,0.04133019974858249,0.044525777411611754,1.888106354273501,0.022707661614831523
741,0.021480996132316355,0.04283893921255689,7.8695113304222755,0.03035898992078086
742,0.02648177111464849,0.06322815202472028,2.2823799060325087,0.020525646190636068
743,0.04005877215075725,0.04342067872185377,8.939810529407586,0.04977718864240606
744,0.017833365038878318,0.03135128123636203,4.241895522009957,0.02939718763739753
745,0.031056655507460895,0.03005234387415545,5.38564183559314,0.040935525674523444
746,0.02993916092554726,0.06914692595337518,4.929744140106511,0.056348861662158
747,0.046030920247552266,0.05554919856961622,3.590820642552771,0.047598344992579436
748,0.0417384622272491,0.07040551987396784,8.572616893045204,0.1764301321364815
749,0.03295443602902497,0.06716483639142282,7.448394772815718,0.012857586408882803
750,0.03513646928758038,0.03953274189479292,3.3205362493223025,0.23278190333016222
751,0.054354363591768116,0.0508784500938794,4.626243429156705,0.07754743193653837
752,0.058447560592572424,0.03728426931921044,7.411590915033993,0.02269787873434611
753,0.029353651652535034,0.024509696701175678,2.642174826764139,0.05606586853726681
754,0.05940180010530621,0.02773664341690217,2.7041485951659356,0.017289312231391685
755,0.015236420607463214,0.036953806933815884,5.650558272441286,0.07564906663872553
756,0.03219308466260564,0.05002342032902484,4.383011788015468,0.030891562136574385
757,0.020145879943939262,0.02493433475074261,6.297710076040865,0.036426839331447206
758,0.05059655246133399,0.04526897458849487,2.75904564591877,0.042713115274880975
759,0.03146101195946599,0.02642731602117339,4.679616137926462,0.2273456719497153
760,0.05064994562501859,0.05913968232702861,8.177937296760069,0.01562842588831882
761,0.03826232274280943,0.035867408868441406,4.5224797381183155,0.09606072846146363
762,0.029888769701300593,0.06099973967861139,4.316551457018454,0.0286742483796253
763,0.02566300296274302,0.024227430736854936,10.01483871304608,0.026359844412840262
764,0.037420625402590994,0.05401020733947188,7.552047798510436,0.06965073755164274
765,0.016417959376777383,0.0697843395032754,15.062387265043442,0.012974820381566068
766,0.048356752908097586,0.04513868338116729,6.031403980478476,0.03129228045577991
767,0.050786922243770745,0.05699716916645764,9.560117591853171,0.01784191978586155
768,0.03924689827337868,0.03798323460876169,7.521276786456908,0.03921740451097258
769,0.03089727189627201,0.049403611258611486,1.2413307064608656,0.013904698693581035
770,0.02566251106272512,0.05366383502166595,5.713294735751744,0.03894973362121899
771,0.035989279732871304,0.018669089739916937,2.922653404225642,0.02633867430367146
772,0.040127358989036924,0.03544599723788993,12.585915966587836,0.04642052440030936
773,0.032083217437442,0.047984506094690973,1.836250833191129,0.04769867825066522
774,0.04473258949783482,0.05938411631892565,4.603233922754581,0.2611858264099961
775,0.03277043358810381,0.03207549051957259,2.8951054340590803,0.0713371691659624
776,0.03492837977929382,0.019039065125689925,1.2488654801660168,0.056377501284119495
777,0.04134430020984195,0.05739294561829979,2.431420314016261,0.004027633599892674
778,0.032235848072206086,0.018653824777602003,3.1527007106035723,0.11761700199808328
779,0.05913180459687504,0.021724102511381044,12.725509137924671,0.03791678772841282
780,0.01662811492672647,0.05467486721999168,9.18291537875447,0.0372253303408862
781,0.03712475709360155,0.027040915019104775,2.483030168010999,0.07622097181391742
782,0.06730313660799059,0.057313577353636846,5.147433937643503,0.030994836508626684
783,0.030989098310258884,0.05912451539863277,2.4622263038385777,0.009473734803226714
784,0.01639683550247284,0.03644928229428922,5.272522910774379,0.11338343473770375
785,0.0478271078626192,0.03614979992749468,2.3721312920733317,0.05128135668993087
786,0.0369040122805818,0.033225040754358975,7.190407102147693,0.02143499968372322
787,0.014943208527938798,0.0259641277111326,4.661098169450806,0.08680864560743537
788,0.022424220157898793,0.033800107151858216,2.2701905273700937,0.017858551788097917
789,0.02096535627083696,0.04965084863265258,2.288409557445749,0.01587655080747273
790,0.03250046405384565,0.0484835714142578,13.749315419250058,0.033677699596190144
791,0.028305909082422295,0.06138334348917726,4.279088235121106,0.09869517552312791
792,0.054867378263572894,0.0492940745579704,4.671618125055363,0.05749418751937394
793,0.03325292112671947,0.024527632690162712,5.361485223221963,0.30630562547391726
794,0.03130961225864738,0.035377319378469115,7.445847424430892,0.019684624463925274
795,0.016887465672214868,0.0165052364563893,1.4977046910383387,0.01457376122614937
796,0.03428231259063343,0.025763262137728386,5.650289678253044,0.09793246562501075
797,0.0408913184248182,0.04132632815993499,4.490616392321819,0.029574358300244498
798,0.01679842297605727,0.053988381693884,5.058893275594093,0.14752805597176638
799,0.027922925136301034,0.029995799498724225,8.130595466384587,0.12151209331783497
800,0.05656920320802922,0.05725429544499731,5.122787408073759,0.07038899915939048
801,0.023075716801056016,0.029001789929406583,7.585085351822976,0.13531798646874105
802,0.026427683337401343,0.03184982937203375,3.642826659521411,0.0637692445995117
803,0.014323594113536089,0.039197010144638667,6.39088763856011,0.034797702698980915
804,0.011409385781361261,0.06126876481164743,10.536388665470426,0.015622940655683829
805,0.04687095526565643,0.041724003334476976,6.763498488283494,0.023436833293113166
806,0.017757558482971763,0.03126877515245493,1.7899280998824612,0.026349252935237204
807,0.03232214096526225,0.0139554065473756,3.418379805678694,0.07022053547993218
808,0.031697960837785075,0.018491740329207723,2.5495869299830156,0.026774012392119347
809,0.03043379536176664,0.03803667930082878,2.1384311909314855,0.00603323719507368
810,0.034571635193568526,0.038041575994085364,2.6943533291041675,0.04485639728211088
811,0.03718911657177806,0.07172020221817127,8.359118469848157,0.10001182207457242
812,0.02657219029047814,0.021876297123161702,5.30840110087442,0.04373727285810737
813,0.032354765536253355,0.04444459723516849,7.80472762198338,0.045350267200439054
814,0.035822599165393765,0.03136971734323855,1.6278919778113508,0.029213037796251912
815,0.01915687263201742,0.034210410653102166,2.3834795866445044,0.033205686149447904
816,0.038901152132314584,0.040447428048437095,1.5837008007643103,0.03258119380787419
817,0.038741757984502107,0.07233416346896898,1.470249756153243,0.03653631616667145
818,0.019639912963751508,0.05520937386789178,8.485161788399981,0.14236411289570886
819,0.0363046602809945,0.06773374640321544,3.7018621445806628,0.08400878544089407
820,0.028373230311049855,0.14932935929708577,5.5346632139751195,0.013512417760156627
821,0.07547265946758693,0.03762409046044183,3.106907242112886,0.02124216131918027
822,0.03247972397391613,0.03527856541237739,2.7366555653637907,0.08129225161123013
823,0.02823850056839879,0.052480914161355176,8.729904072321865,0.03375489296466732
824,0.039492775021770385,0.03214555951421597,4.870452530199654,0.06509060651161534
825,0.04611580711990749,0.06184978782023934,6.725848032097555,0.03895500983045354
826,0.05094194922468182,0.026137186214196455,4.1841442703322995,0.05435552999298848
827,0.04532071048103057,0.027477687139322915,2.9795400972589356,0.16732988216095687
828,0.017424805160075225,0.0557364224684644,4.050290108220688,0.04767638646391986
829,0.03840601122788658,0.03336273817366658,4.706328025555604,0.026861235993915714
830,0.05723581593410042,0.01999245633706392,2.4862290528879343,0.058534284340478686
831,0.049519474745943516,0.05135228838270421,3.5432695146323074,0.12565333676246646
832,0.04899838453002579,0.03329001704491703,10.340323240948436,0.15338798517925153
833,0.026528972060071924,0.045822157745143255,4.600075871220606,0.022202615576387117
834,0.03652782603757178,0.024509199986243093,1.8844531076106115,0.026371509477418818
835,0.027271720592064532,0.029479225121534742,4.60817546477447,0.0132966521849816
836,0.0682166159786683,0.04675768952664036,3.9545279010925505,0.031634623922224846
837,0.049535506748252,0.030557609709819963,3.1829897790364674,0.01886964454954081
838,0.06268242036049015,0.025054875327005306,1.6561437123820106,0.011855932273226705
839,0.033639159068889646,0.03994164955300068,3.559133299783255,0.02335402002048968
840,0.04226852538020389,0.029157122450253148,4.3339552958351995,0.016460811239420715
841,0.017166771307668627,0.04605444573868951,7.322924352980504,0.06224211758101332
842,0.016739377661548784,0.05533481489771457,6.431019788988545,0.0435830004305874
843,0.04058038485662703,0.025927954527190662,2.4034040314410996,0.010889966088004193
844,0.019434849206784885,0.014354908075102861,7.6622240611067305,0.04580380682546628
845,0.03908076782879685,0.02544302834331808,5.352769304750872,0.015582111509582544
846,0.06753515506749518,0.07094257285252183,12.83979202541686,0.032600757542375784
847,0.025863371214153285,0.04551011138846692,6.269500993881061,0.06148371680240114
848,0.043796358065109765,0.03393797111991694,6.55336544129202,0.0847917516322944
849,0.028828344460726865,0.04108791602416535,2.0159448675295524,0.070348137920877
850,0.03276003729409473,0.046370183311765865,3.4751306157404365,0.05970095820490346
851,0.07244820433433943,0.025775615007309637,4.515652182596423,0.05573781899347196
852,0.04286482773905141,0.03566326025121686,3.6126166397153874,0.12292586622309637
853,0.034837016381829046,0.02961928389659048,4.1014332179471165,0.017734899407620942
854,0.024468945339067114,0.029433952785898512,3.4575630154035566,0.01645269750175124
855,0.009618609893292671,0.02813897233471036,17.78254804479175,0.05159134546881912
856,0.05210534371954027,0.05465518365976635,8.067594174146862,0.06189907117465547
857,0.03496781644997698,0.05065160396741102,4.267363969915727,0.048268194142405664
858,0.056998805574903576,0.02711095102834772,6.903788643530155,0.028057166189179784
859,0.061721208302244916,0.055676856999359,4.131888042175553,0.05670957670326352
860,0.028977325082309532,0.042295051130062565,4.387779142628075,0.055531741059931444
861,0.029729593089953057,0.023522366395506013,4.727346520859362,0.044272046465952515
862,0.027162584242131305,0.02906740459473044,6.4660599762073065,0.06756846117064619
863,0.07089937562647419,0.04364546790471604,2.767355942586243,0.02789279245576313
864,0.020459550753178204,0.019004080463303527,4.616914909497214,0.02269323085271253
865,0.01983549711321456,0.05309955791211953,2.4710607699425853,0.010787859607432487
866,0.03089029001715695,0.02093445736142098,7.753604489913276,0.024366000092028384
867,0.03568784500843957,0.03001510835354841,9.005678184739889,0.06311799868947203
868,0.025406672640881173,0.038517220644926076,1.8521828265874876,0.0282668163595555
869,0.030092260209043403,0.02425655449889573,3.160280555626655,0.03969946810758556
870,0.019704379633772705,0.052782143007231344,2.630709098884209,0.011896114625779901
871,0.013711161244920247,0.0752183180397091,5.85736985346686,0.029107808351086503
872,0.017302121957313243,0.04062693565038457,3.306356401854259,0.025519710233778383
873,0.045780825570573135,0.0256454617083407,4.5881621927567355,0.016236074109554563
874,0.02406344260490899,0.05679184220242799,12.861803249068572,0.04787355135266291
875,0.05680379416236674,0.03727715696240557,3.951882427082462,0.013805886774032083
876,0.03829264042688648,0.03441530629378815,5.256192908576094,0.011486834035922851
877,0.035803860863560376,0.03329866017725429,4.982127569965847,0.06721687827113418
878,0.036150665157911446,0.03507133503333437,4.2766609409605785,0.057735273135054214
879,0.02582796251906216,0.04019271279803795,3.049584408252435,0.02334023948504369
880,0.03191147311543439,0.02975616084416729,1.8187171455372146,0.306532346518532
881,0.042198484736118216,0.04663761492669694,7.116825337666386,0.16523925674860995
882,0.036409221285781286,0.045308666894309964,6.427075973392579,0.08938377578977971
883,0.032317345993892334,0.04153574038340325,2.10259484350325,0.08804466383502965
884,0.05440809884160838,0.05396776582510773,8.450240126856603,0.05214100051720929
885,0.03318632724251358,0.041335590908701966,3.3149326184335073,0.06992212274389534
886,0.031046529108025783,0.014147093178843589,11.081728468084949,0.0755996995591218
887,0.058985300977462726,0.05464145449583712,6.429562977291838,0.01405298682605256
888,0.03764697875113376,0.035409284350988154,2.4179266181731243,0.01977093083409673
889,0.04554285634070467,0.038773120818489104,6.66935040830476,0.04171845424847364
890,0.016990222534702514,0.043431294330625134,6.725795844301211,0.03251235181683387
891,0.012842876884368998,0.04323200657504274,8.699592898132494,0.026918787389754784
892,0.04083164017543449,0.02929359762365768,3.809035656002085,0.04391199310633284
893,0.05817322121497172,0.042520260856017164,17.772583631723307,0.0706541993213036
894,0.05412802815766855,0.0396420241304035,3.471723626191381,0.030289188584971045
895,0.0224238694966186,0.038812825979967276,1.7002540273412945,0.07567464740996215
896,0.02502878581237055,0.05654104153626088,6.087553194905255,0.041958572164257156
897,0.04220793881107151,0.035609715437739324,6.003917270532189,0.22171533703020088
898,0.03469680819561084,0.014858091721167765,2.0042547241465583,0.1253352035701572
899,0.023650974371598223,0.029161179167139267,1.5294110301489257,0.06716371679543104
900,0.011693177771431439,0.02236152456371679,1.5235981783018746,0.05303545584586088
901,0.03577294594605719,0.04244852145761348,4.7563219274582025,0.005729571075542406
902,0.023424038282597374,0.020533430530699368,10.43835115156304,0.10103151334286242
903,0.045756023838229055,0.027417046855537513,4.870531364519165,0.04632090218667178
904,0.04318515831253694,0.037095346535124994,4.0036215559363,0.016792926274411975
905,0.020069260577170865,0.03375015138818871,9.65851688895453,0.07413519559905898
906,0.03168102730897431,0.03879999982558991,16.33283840845797,0.04359983168817395
907,0.046114381646649404,0.013008877729194979,5.537237965339211,0.040311180882993194
908,0.03328483379416032,0.049536193266293736,5.211556215681023,0.0330748075733821
909,0.01858789619858149,0.02630995080266952,10.978936099294076,0.08430207821264113
910,0.03368361169685727,0.023264056283343337,1.8848293083721495,0.014306406337087674
911,0.018772268218387324,0.0437508520676796,6.137719178621381,0.029677132540545433
912,0.021730962960092574,0.03161918905632377,2.56094358933778,0.09095341855942478
913,0.03692195217693655,0.026641205814740873,5.807157469930379,0.03314833341320926
914,0.02322035431620679,0.043809009809523035,11.525799638945971,0.0600251512380735
915,0.026315505712091642,0.04898202280080186,3.4036620070237764,0.08087082465429297
916,0.04111540882217854,0.013263483959700851,11.115547786069882,0.04428482499114333
917,0.034825901302797904,0.03312665272361278,5.160460997687031,0.05770697325688496
918,0.028025638710576412,0.05548514886371352,1.9489701028969235,0.024036809638613255
919,0.10584423373626284,0.04019745908960094,4.5490791324339686,0.013414175519429854
920,0.030577476069934797,0.05056514648668568,4.822993456308466,0.10970838636028292
921,0.04142515259546729,0.018884939267440462,3.1712447112551447,0.0512010954922827
922,0.020356302636803048,0.07829359740389925,10.736351289520083,0.07667905632152855
923,0.04589300903992372,0.03248834623111608,5.021239907969188,0.04443054595293015
924,0.032225634348879796,0.048652896515089986,2.5464624622916956,0.06794502092422901
925,0.029883873608982894,0.07029549096322604,6.344428505648994,0.024393923793871997
926,0.048588158645577424,0.02725917058291128,6.269035699987971,0.07405878924782762
927,0.029344457574262777,0.05509859678280116,5.819955806949868,0.03487501516334403
928,0.028537749443931473,0.04527906335669556,1.9980271990970373,0.07228624464467971
929,0.027251962920672473,0.044446860839464246,8.823112879744524,0.004975935373481273
930,0.06859175957775832,0.03895623973479149,5.6080646089110004,0.061821588772765036
931,0.025632922909123498,0.0448355344990362,4.386691759088462,0.022340076364846008
932,0.04562453141882541,0.026035720152190127,5.39508578198468,0.040055186497650615
933,0.034012695168499404,0.030402945674992306,2.7272902664691583,0.036068491462744746
934,0.024568690643478365,0.018127587365798056,4.593153660394007,0.21501437593375902
935,0.02120158730495702,0.04159775950881713,14.622677636416508,0.05298011870094386
936,0.05080364311019738,0.04141503878931434,9.720321495431335,0.09596054214292851
937,0.03385447313522432,0.0336143077449527,9.290188666370119,0.019970823735224644
938,0.0399496307217305,0.018212732764081304,4.548308798248095,0.025061912288494043
939,0.0318474774995738,0.021730121005369495,1.6362769955575625,0.03028965133934926
940,0.025758973275269003,0.04071765382961697,6.512865413071143,0.04549108763952777
941,0.04366935264416448,0.021944384608874955,6.023383333904333,0.04190648520961644
942,0.05821564139760267,0.04625472924571267,6.399176246992731,0.0674620780210964
943,0.03660140045676068,0.0725829413607118,4.723644846159493,0.15440820611471057
944,0.019256717357507957,0.03475209056878216,8.402868251255148,0.06479310007946884
945,0.02813356427331767,0.03508265989277586,4.442164316879881,0.1145744586694875
946,0.03610476577592359,0.03298836620579301,1.6950087901607336,0.005988312788739526
947,0.02145322563345426,0.0529666074135574,3.79917150788761,0.06867698996870696
948,0.037050857594256824,0.07290246079144114,2.7694290979697516,0.016706764336067218
949,0.02826874994504758,0.03842754202315266,3.5369121862737183,0.009880019623221478
950,0.055642335426081824,0.029839694315333436,10.406932908734941,0.020961108368140274
951,0.020339093431039772,0.014978048552763523,2.740817576326693,0.040709348763023186
952,0.02551354805322222,0.0405175300411536,10.762348808454295,0.015243671850011837
953,0.03177738036129578,0.035786736397118685,2.11899935373739,0.06164406748768268
954,0.020337422450613256,0.06083609713131781,6.177997886620319,0.06869044657146432
955,0.032598316179485685,0.044604712661816356,3.3010906073604556,0.046660003485838326
956,0.028312979107581446,0.021359389040483713,4.001391051737286,0.06009184967338437
957,0.040203710219417495,0.029444014061357958,7.105511028184903,0.036325885383841856
958,0.01687706528243729,0.02992485154361168,11.060416119575581,0.029383880401133537
959,0.03385218356987814,0.04033203357389491,3.752419104068221,0.11990234911746138
960,0.06372959521536081,0.036830268252618245,8.54223912763297,0.03618109331195449
961,0.024978516956497738,0.07280180268391398,5.114243927139169,0.039863851309022855
962,0.02471073068953441,0.031126932411304313,2.9758021678397264,0.03673949726209402
963,0.031031842332019315,0.04751933061219516,2.6813752862246956,0.042211898100147076
964,0.026132900254685416,0.021901327010287915,4.085130789637196,0.02454549821233066
965,0.017057858810889802,0.0214444444871855,3.984108068994924,0.016503802269606457
966,0.02205427043201773,0.03443822406726051,8.70721117998589,0.04784963290158159
967,0.029066802661143924,0.04672732552248069,3.6653553480451557,0.028470113755255013
968,0.04682359525858618,0.02382647136713927,13.669350610392453,0.06069748047609765
969,0.04221111747707648,0.016540291966909836,3.4975638865359557,0.07320302751224086
970,0.05022373453007132,0.06746342944476097,8.051089709528208,0.07681783177417363
971,0.04607706691161818,0.03392143754026681,8.710150232472847,0.034984482257385215
972,0.03484242086322886,0.08125663219143152,2.3468485339341143,0.07584570909671845
973,0.018565562922083015,0.07251266037750743,2.4895337594082476,0.053134061072829336
974,0.0286385308342381,0.028069632069726885,4.885503793414393,0.029088376950834306
975,0.03660916648899326,0.036926671998923,4.919124208082715,0.0400186228858044
976,0.03352625185392324,0.033945817056785996,12.549201849560072,0.013611080932683456
977,0.039393049002310866,0.020516775633888273,1.974376060187137,0.1268831945238375
978,0.02304980704692543,0.031605482755041436,2.975432484532526,0.014550113864451925
979,0.04169564477740392,0.025058502819395596,6.935849954839931,0.09349900389449477
980,0.0304256680779484,0.0338565637839707,11.37952735544809,0.03618853394517511
981,0.01070052939323413,0.03879854882632654,1.8339624029923505,0.046266907606900415
982,0.05109238754293079,0.031228501688647485,10.262449998673508,0.17164091505624343
983,0.02724527051496505,0.054727601632147904,3.5845256754955215,0.0342944105156733
984,0.05337867969518023,0.03406883211499192,4.589453230957621,0.025462231706327887
985,0.03087999942529217,0.05729368603288145,4.099717573680937,0.007120343691880206
986,0.038007452782932626,0.05895679993430221,2.1961190673307427,0.057978454111638725
987,0.020713768314289584,0.03336246559148073,7.968008009877905,0.012855572544728713
988,0.013957018365233081,0.0399787144695598,4.843578689906421,0.05492962042795954
989,0.029499958315639823,0.03998513013463046,1.9803372639960573,0.02167082196865319
990,0.03012727136372894,0.028689146606226314,2.9288335824575706,0.03255509304755478
991,0.015459915157259823,0.03237270069465363,7.2518464384779575,0.03273725565118481
992,0.035559418589841414,0.042089466067192355,2.8057324095839555,0.005117841355862753
993,0.046639773061409616,0.03195110081116351,5.311325197467168,0.038626868365512906
994,0.06384128960240598,0.07941726754494818,9.208705447031784,0.031630948998659036
995,0.010231216238590824,0.033354730227528925,7.64747785874817,0.031127209226706753
996,0.029266183773286953,0.027975092428405325,4.482275112579352,0.04369051395124992
997,0.038648708370065045,0.03583199628670486,2.6401602232992345,0.0975910144045264
998,0.040446662486651866,0.03695532374911247,2.3787650711352257,0.022762649978818664
999,0.03358868724917496,0.04766281544918502,3.956921616600394,0.012970453968072317
